model,warm_auc,warm_logloss,std_warm_auc,std_warm_logloss,
GAMMLI,0.997209755,0.033781877,0.000870322,0.003273619,
SVD,0.986788095,0.085132843,0,0,
xgboost,0.994775214,0.05071485,0.000278817,0.001094848,
deepfm,0.989908092,0.103094019,0.002008634,0.006645282,
fm,0.990090156,0.102573369,0.001563471,0.005210894,
,,,,,
,,,,,
,,,,,
,,,,,
,,,,,
,,,,,
,,,,,
