model,warm_auc,warm_logloss,std_warm_auc,std_warm_logloss
LVXNN,0.9961172509177251,0.042566605288680316,0.0009478413927042364,0.0057183846531678115
SVD,0.986788094673787,0.08513284284608086,0.0,0.0
xgboost,0.994775213652567,0.0507148502821048,0.00027881725573253925,0.001094848024153831
deepfm,0.9899080921656622,0.10309401931188922,0.00200863353684167,0.006645281885408763
fm,0.9900901558459976,0.1025733693025935,0.0015634713329365764,0.005210893545866664
