model,warm_auc,warm_logloss,std_warm_auc,std_warm_logloss,,
LVXNN,0.966805611,0.258313703,0.00366982,0.024044298,,
SVD,0.948295674,0.324689705,0,0,,
xgboost,0.965345018,0.238370761,0.003235064,0.010607575,,
deepfm,0.966632268,0.234555702,0.002957291,0.011047413,,
fm,0.966404163,0.237286442,0.002907284,0.01163999,,
,,,,,,
,,,,,,
,,,,,,
,,,,,,
,,,,,,
,,,,,,
,,,,,,
