model,warm_auc,warm_logloss,std_warm_auc,std_warm_logloss
GAMMLI,0.785909722,0.582882943,0.009601532,0.015221702
SVD,0.710073574,0.612523404,0,0
xgboost,0.736835602,0.592117179,0.012637258,0.010190588
deepfm,0.751246587,0.583777847,0.010894769,0.010424678
fm,0.750038933,0.583016333,0.01027508,0.009124746
