mae,rmse
0.6786697971637208,0.8649876537262339
