mae,rmse
0.6787804586850341,0.86410325229449
