mae,rmse
0.8660584688186646,1.1753921243495054
