cold_mae,cold_rmse,warm_mae,warm_rmse
0.9127149889838831,1.211267860751,0.6842774199259647,0.8712525340994531
