mae,rmse
0.7013728383437214,0.888382641222236
