mae,rmse
0.7858694408080096,0.9743687159774501
