cold_auc,cold_loss,warm_auc,warm_loss
0.9572884480503479,0.2909631180807452,0.9406688242730722,0.46638346597517816
