cold_mae,cold_rmse,warm_mae,warm_rmse
0.8336867471382916,1.0706475726380063,0.6700780313402779,0.8999005428518027
