cold_mae,cold_rmse,warm_mae,warm_rmse
0.8168140739062361,1.0507346204379302,0.8123873736411374,1.0423870398899062
0.8156347290022689,1.049418475933701,0.8093570451978556,1.0387497503765517
0.8164432511017792,1.0505150361019533,0.8015048964642307,1.0300892258639172
0.8185531374821459,1.0526380892561844,0.7805048067062271,1.0053663095791803
0.8232781057125139,1.0574089099259223,0.7206677100898127,0.9418886474080013
0.8258147924066523,1.0606838142514516,0.6677959126151053,0.9039751356322718
