cold_auc,cold_loss,warm_auc,warm_loss
0.9581284744572531,0.2610191054894472,0.9546354458142673,0.27449634222187297
0.9580774182222482,0.25840056488473667,0.9545368926325839,0.27571940535338124
0.9581378372052198,0.260592454256619,0.9550606235803404,0.27467523409759115
0.9581492480543039,0.2583568881881365,0.9557104779109192,0.27186551916625834
0.9580016384808943,0.2587497209503298,0.9560917285281627,0.2791071126520911
0.9574741061501552,0.26760344842458655,0.9335118881061331,0.6008637602305092
