auc,logloss
0.8485587640102589,0.16746900070836984
