auc,logloss
0.8239315179736171,0.19852122000182656
