auc,logloss
0.9038856509608035,0.14414881840271168
