cold_auc,cold_logloss,warm_auc,warm_logloss
0.9103445865310732,0.16070946102043218,0.9164847316527807,0.1683284753976295
