auc,logloss
0.8012896220319474,0.3052066792668619
