auc,logloss
0.9075438985029937,0.14175342674086971
