rank,mae,rmse
1,0.728880457,1.210075277
2,0.355279837,0.958350184
3,0.311302663,0.902791995
4,0.335692597,0.995643836
5,0.331024724,0.900820346
6,0.346581286,0.908088583
7,0.338942721,0.842415546
8,0.349245536,0.958472367
9,0.356504304,0.961031817
10,0.355010779,0.914142497
