rank,mae,rmse
1,0.231441096,0.292526111
2,0.159963997,0.224614914
3,0.156720053,0.234986893
4,0.197242277,0.362053449
5,0.242015182,0.430474017
6,0.245258627,0.4643059
7,0.268328525,0.492617061
8,0.285551132,0.510614349
9,0.272697673,0.508481768
10,0.285925222,0.527403739
