model,cold_mae,cold_rmse,std_cold_mae,std_cold_rmse,warm_mae,warm_rmse,std_warm_mae,std_warm_rmse
LVXNN,0.9617463815465939,0.9740492724195414,0.1187465724124394,0.1138777868562384,0.4828441714624024,0.6661817847032855,0.02752289237954196,0.03228570104995292
SVD,1.364434397470209,1.8448370539037717,0.002302003114377858,0.0021040648554394043,0.8685223377787319,1.1038991064639574,0.002503335726264759,0.0032423809872297125
xgboost,0.883875,1.201446005701373,0.0,0.0,0.73061466,0.9222728388050576,0.0,2.220446049250313e-16
deepfm,1.5330610990524292,1.964458412604992,0.2626733836865995,0.21199612930737777,0.6400483850034486,0.870629023001624,0.023321243720077843,0.034078956857288574
fm,1.4544389933347701,1.732625909583057,0.21975891757109345,0.28750822756804884,0.6629079449281436,0.9102572576590846,0.04404435154598218,0.06315554238307114
