model,warm_auc,warm_logloss,std_warm_auc,std_warm_logloss
LVXNN,0.9574430868336504,0.2845615267617933,0.002613670469118163,0.02030172185502472
SVD,0.9537365798536049,0.3129005237229795,0.0004046670761094109,0.0005793593319795109
xgboost,0.9672499319056987,0.2378553122664305,1.1102230246251565e-16,0.0
deepfm,0.919348907099122,1.2677506492166166,0.00560194567671265,0.10655451394801332
fm,0.9215504034524062,1.2089251938853274,0.006255512593324226,0.12581950953669438
