model,warm_mae,warm_rmse,std_warm_mae,std_warm_rmse
LVXNN,0.5118190563318126,0.6996476830070405,0.025538696965452322,0.03112222714910497
SVD,2.3472689828833526,3.557600853409319,0.002768455641388286,0.002762162818178459
xgboost,0.7148951,0.9125066378103803,5.9604645e-08,2.220446049250313e-16
deepfm,0.6363057741955204,0.8621060490436143,0.019412136949823276,0.022127992531563924
fm,0.6621115690983077,0.9054047226832769,0.03961803947992576,0.05530410825627144
