model,warm_auc,warm_logloss,std_warm_auc,std_warm_logloss
LVXNN,0.9582044994243699,0.27908353695253824,0.002772535879911288,0.017036799285360154
SVD,0.9576683237529868,0.38201670129630944,0.0007089752880940266,0.0006083996176733923
xgboost,0.9670009165569023,0.23789738808363042,1.1102230246251565e-16,0.0
deepfm,0.921217078307951,1.2295493780880355,0.0069975300687122365,0.13474908539064792
fm,0.9219611990911319,1.2110090780526348,0.006868798707725524,0.13475495455592984
