model,warm_mae,warm_rmse,std_warm_mae,std_warm_rmse
LVXNN,0.687095483,0.876487629,4.72E-05,3.85E-05
SVD,0.904144132,1.137354654,0,0
xgboost,0.86348236,1.062299036,0,0
deepfm,0.674851178,0.857882419,0.002212528,0.000836687
fm,0.675562598,0.858405716,0.002484948,0.001392347
