cold_auc,cold_loss,warm_auc,warm_loss
0.9501215204182565,0.28952996933527875,0.9533243298348888,0.3178788536224379
