auc,logloss
0.9647898611725138,0.2629686150822682
