auc,logloss
0.9646642966874795,0.25514867898698007
