auc,logloss
0.9646601583081498,0.2616153670097897
