cold_auc,cold_logloss,warm_auc,warm_logloss
0.9504564080825209,0.30406159420833967,0.9626727104948124,0.2776274219092024
