auc,logloss
0.9528241915524575,0.28085220013312207
