auc,logloss
0.9523145652783919,0.40773779289819806
