cold_mae,cold_rmse,warm_mae,warm_rmse
0.8200137808870194,1.05017755120456,0.6576701655790116,0.8836859965108197
