mae,rmse
0.6047084376727906,0.8295848650028745
