mae,rmse
0.9326459543581678,1.1799268274456558
