mae,rmse
0.7563148859665343,0.9547445173596506
