mae,rmse
0.677890443840129,0.911287150874536
