mae,rmse
0.8109422922134399,1.0438249080240494
