mae,rmse
0.8134832382202148,1.0435498920798674
