mae,rmse
0.6747159313332688,0.9035943291488862
