mae,rmse
0.9314714193525871,1.1925794371421432
