cold_mae,cold_rmse,warm_mae,warm_rmse
0.818845943651041,1.0593492799308117,0.8127068574684811,1.0441593019793034
0.8164192892334057,1.0565851481108557,0.8084078535294832,1.0385410158823087
0.8170801902595635,1.0574985618043309,0.8028614132530741,1.032709354426861
0.8171908341346192,1.057899371371179,0.7807401955033605,1.007366524950418
0.8212949117608934,1.064353453899685,0.7231713339250027,0.9484542997608694
0.8207198834030092,1.0610130310759334,0.6729962083829689,0.9151117712949134
