cold_auc,cold_loss,warm_auc,warm_loss
0.9502173237247421,0.29088733841645087,0.9529136209204159,0.28184448508330906
0.9502561819980219,0.30037805622294195,0.9531053994747287,0.28685598915644783
0.9502607036880034,0.29045314360088803,0.9533308402121273,0.28329710796517116
0.9502785078423059,0.3019150594323866,0.9538834652567916,0.2901935829786193
0.9502256605906456,0.3066087638932572,0.9549208358315013,0.2935943256703853
0.9501993782676275,0.30507578930260176,0.9532685626500162,0.33044187891001425
