model,warm_mae,warm_rmse,std_warm_mae,std_warm_rmse
GAMMLI,0.647742133,0.913700009,0.039178612,0.086987373
SVD,3.12728418,4.141626886,0,0
xgboost,0.86694944,1.106114961,0.012277493,0.020433327
deepfm,1.152797823,1.545481511,0.06244208,0.090316653
fm,1.17644939,1.586458563,0.080183531,0.116149978
