model,warm_mae,warm_rmse,std_warm_mae,std_warm_rmse,,,,,
LVXNN,0.197991692,0.388869507,0.033320798,0.033320798,,,,,
SVD,2.622220779,3.713724271,0,0,,,,,
xgboost,0.37478283,0.486764861,1.54E-02,2.11E-02,,,,,
deepfm,0.13551979,0.281085297,0.019412137,0.022127993,,,,,
fm,0.166266723,0.364882471,0.030746932,0.083797175,,,,,
,,,,,,,,,
,,,,,,,,,
,,,,,,,,,
,,,,,,,,,
,,,,,,,,,
,,,,,,,,,
,,,,,,,,,
,,,,,,,,,
,,,,,,,,,
,,,,,,,,,
,,,,,,,,,
