model,warm_mae,warm_rmse,std_warm_mae,std_warm_rmse
GAMMLI,0.352102149,0.76845587,0.032640956,0.132259888
SVD,2.998955928,4.012437574,0,0
xgboost,0.44868693,0.603779274,0.018630348,0.028043642
deepfm,0.442531301,0.753110849,0.0574598,0.095470627
fm,0.508480092,0.836428069,0.168124298,0.21641662
