model,cold_mae,cold_rmse,std_cold_mae,std_cold_rmse,,,
GAMMLI,1.277254159,1.465263233,0.378651548,0.293420582,,,
SVD,3.666295124,4.135202794,0,0,,,
xgboost,1.3400481,1.520007461,0.26239964,0.25685998,,,
deepfm,2.199730362,2.589625937,0.565003988,0.470467117,,,
fm,1.926468044,2.335261388,0.641728945,0.777082479,,,
,,,,,,,
,,,,,,,
,,,,,,,
,,,,,,,
,,,,,,,
,,,,,,,
,,,,,,,
,,,,,,,
,,,,,,,
