model,cold_mae,cold_rmse,std_cold_mae,std_cold_rmse
GAMMLI,0.31379269408561866,0.3910300216522163,0.1695061790053461,0.22735911376406837
deepfm,2.7065155883188603,3.146812200848616,0.9718204397799637,0.8019280068128694
fm,2.2883164826145874,2.6386896889552496,0.9417708316878,0.8708405325009736
