model,cold_mae,cold_rmse,std_cold_mae,std_cold_rmse
LVXNN,0.5755979464817775,0.7584761676159049,0.2189951848451521,0.24977466280095073
deepfm,2.2596159744262696,2.528198925491883,0.6338779405425565,0.6326357286419295
fm,1.9905237014205368,2.2566415195948943,0.7531071423347967,0.8032029143643978
